table_name,num_queries,num_clients,avg_latency,min_latency,max_latency,p50_latency,p90_latency,p95_latency,p99_latency,stddev_latency,throughput,success_rate,failure_rate,elapsed_time
items_ivfflat_128_1M,1000,1000,3.663920693397522,0.008800029754638672,7.021108388900757,3.6871609687805176,6.328591060638428,6.859918773174286,6.935857729911804,1.9660570365438126,0.27293167174770605,100.0,0.0,7.255602836608887
items_hnsw_128_1M,1000,1000,2.0834601299762725,0.004933357238769531,4.191511631011963,2.096126675605774,3.652567005157471,3.832851827144623,4.097144894599915,1.149132575987706,0.47997078783138913,100.0,0.0,4.312347412109375
