table_name,num_queries,num_clients,avg_latency,min_latency,max_latency,p50_latency,p90_latency,p95_latency,p99_latency,stddev_latency,throughput,success_rate,failure_rate,elapsed_time
items_no_index_256_500K,1000,1000,89.2588635277748,0.2161426544189453,145.9795241355896,100.46641683578491,138.74282505512238,142.48027993440627,145.40975557088854,41.844341687576346,0.011203369172282016,100.0,0.0,146.2645423412323
items_ivfflat_256_500K,1000,1000,13.599902401208878,0.2922983169555664,21.07576012611389,15.304872393608093,20.46448152065277,20.512027657032014,20.93528328180313,5.852195154124179,0.07352993944361771,100.0,0.0,21.192028999328613
items_hnsw_256_500K,1000,1000,12.840419277668,0.134185791015625,19.382736921310425,14.635874152183533,18.859574007987977,18.957942843437195,19.210143716335295,5.313102907983432,0.07787907687245038,100.0,0.0,19.446514129638672
