table_name,num_queries,num_clients,avg_latency,min_latency,max_latency,p50_latency,p90_latency,p95_latency,p99_latency,stddev_latency,throughput,success_rate,failure_rate,elapsed_time
items_no_index_128_500K,1000,1000,53.79601468896866,0.12783145904541016,101.81313753128052,54.69374871253967,94.46857929229736,98.20931525230408,101.18923212766647,29.84492548151482,0.018588737581801924,100.0,0.0,102.04462504386902
items_ivfflat_128_500K,1000,1000,1.2684211478233338,0.002176046371459961,2.6413662433624268,1.268970012664795,2.1955676555633548,2.41447741985321,2.5257533264160155,0.688916723512227,0.7883816835725609,100.0,0.0,2.743196487426758
items_hnsw_128_500K,1000,1000,1.2820349831581115,0.0028753280639648438,2.668504476547241,1.2923915386199951,2.2037493705749513,2.325945448875427,2.582969410419464,0.6820585832936757,0.7800099163726731,100.0,0.0,2.7394602298736572
items_no_index_128_500K,1000,1000,52.88488943338394,0.19690895080566406,100.01257920265198,53.97914779186249,92.60797252655028,96.2978682398796,99.3977807879448,29.699626957188098,0.01890899292244229,100.0,0.0,100.32267427444458
items_ivfflat_128_500K,1000,1000,1.243264726638794,0.0026292800903320312,2.5949907302856445,1.2395416498184204,2.1401618242263796,2.2503316760063172,2.4596717524528504,0.6670452135094157,0.8043339270981588,100.0,0.0,2.6787514686584473
items_hnsw_128_500K,1000,1000,1.1638633589744567,0.002404928207397461,2.434312105178833,1.1596382856369019,2.0111641883850098,2.1139638662338256,2.338858253955841,0.6194121076246416,0.8592073908754669,100.0,0.0,2.5455243587493896
