table_name,num_queries,num_clients,avg_latency,min_latency,max_latency,p50_latency,p90_latency,p95_latency,p99_latency,stddev_latency,throughput,success_rate,failure_rate,elapsed_time
items_no_index_128_1M,1000,5000,89.20036100149154,0.35393571853637695,164.04726386070251,92.67929804325104,154.50417816638947,159.90444892644882,163.15060967206955,49.05501416798715,0.011210716960924393,100.0,0.0,164.21660542488098
