table_name,num_queries,num_clients,avg_latency,min_latency,max_latency,p50_latency,p90_latency,p95_latency,p99_latency,stddev_latency,throughput,success_rate,failure_rate,elapsed_time
items_ivfflat_128_1M,1000,50,0.3910174515247345,0.005944728851318359,1.1514720916748047,0.37567734718322754,0.415200686454773,0.720603597164154,1.0501283645629882,0.13241956290750048,2.5574306110906235,100.0,0.0,8.035518646240234
items_hnsw_128_1M,1000,50,0.2648132431507111,0.0034682750701904297,1.759162425994873,0.21427547931671143,0.4285545825958252,0.5627630233764647,0.7365983986854553,0.13583538022015926,3.776246188076319,100.0,0.0,5.408646583557129
