table_name,num_queries,num_clients,avg_latency,min_latency,max_latency,p50_latency,p90_latency,p95_latency,p99_latency,stddev_latency,throughput,success_rate,failure_rate,elapsed_time
items_no_index_128_1M,1000,10,1.618745518684387,0.1446540355682373,9.031149625778198,1.1542398929595947,2.861321926116944,3.6287837982177726,5.3078114843368525,1.0159570111790814,0.6177623279616774,100.0,0.0,162.50545144081116
items_no_index_128_5M,1000,10,6.02989260172844,0.5391271114349365,28.348888874053955,4.36320161819458,11.004569077491762,13.166362452507018,18.810998065471647,3.6683861450202477,0.16584043299765486,100.0,0.0,605.2271587848663
