table_name,num_queries,num_clients,avg_latency,min_latency,max_latency,p50_latency,p90_latency,p95_latency,p99_latency,stddev_latency,throughput,success_rate,failure_rate,elapsed_time
items_no_index_128_1M,1000,1000,88.16716413068771,0.19197654724121094,163.6650607585907,91.60047459602356,150.99237170219422,157.7342262029648,162.35581595897673,48.153371029970934,0.011342091013812445,100.0,0.0,163.83078813552856
