table_name,num_queries,num_clients,avg_latency,min_latency,max_latency,p50_latency,p90_latency,p95_latency,p99_latency,stddev_latency,throughput,success_rate,failure_rate,elapsed_time
items_no_index_256_1M,2000,1000,227.39759380698203,0.25217390060424805,541.8533265590668,187.69265413284302,398.45807731151586,470.18853523731235,525.0799421548843,123.46526124109295,0.004397583911326752,100.0,0.0,542.2964503765106
