table_name,num_queries,num_clients,avg_latency,min_latency,max_latency,p50_latency,p90_latency,p95_latency,p99_latency,stddev_latency,throughput,success_rate,failure_rate,elapsed_time
items_no_index_512_500K,1000,1000,297.6834347310066,1.2004220485687256,574.6771762371063,299.4997012615204,529.7703961372375,553.3245466351509,570.0092772245407,169.28435747005642,0.003359273252485891,100.0,0.0,575.1550452709198
items_ivfflat_512_500K,1000,1000,2.8930745847225188,0.0070056915283203125,5.995896100997925,2.8920328617095947,5.0481437921524055,5.5028208017349245,5.806595027446747,1.578286405186391,0.345653031304726,100.0,0.0,6.117175102233887
items_hnsw_512_500K,1000,1000,1.5226585285663605,0.0035903453826904297,3.1243021488189697,1.541416883468628,2.5209649324417116,2.634938263893126,3.0579309678077693,0.7623551156551744,0.6567460669868884,100.0,0.0,3.3384969234466553
