table_name,num_queries,num_clients,avg_latency,min_latency,max_latency,p50_latency,p90_latency,p95_latency,p99_latency,stddev_latency,throughput,success_rate,failure_rate,elapsed_time
items_no_index_128_1M,100,10,4.122767491340637,0.3953578472137451,10.272455930709839,3.4191097021102905,7.429825520515447,8.21051790714264,10.127706658840179,2.1090615944611995,0.2425555169192481,100.0,0.0,42.97044134140015
items_ivfflat_128_1M,100,10,0.9989925479888916,0.13521718978881836,3.623176097869873,0.7760283946990967,1.7763062000274663,2.255664432048797,2.7568685054779096,0.5950641938009985,1.0010084679942173,100.0,0.0,10.201041221618652
items_hnsw_128_1M,100,10,3.612016885280609,0.8293685913085938,13.730429410934448,2.637353777885437,6.302197647094726,7.995583283901214,11.530122225284588,2.2245641439708788,0.27685363378978567,100.0,0.0,37.38984704017639
items_no_index_128_5M,100,10,4.6323484253883365,0.3623843193054199,21.386775732040405,2.387747049331665,12.306494665145875,13.754041004180907,14.709818055629766,4.137833113628357,0.2158732263141818,100.0,0.0,47.42540121078491
items_ivfflat_128_5M,100,10,0.8365124702453614,0.26165246963500977,2.8237216472625732,0.7058837413787842,1.4496386289596557,1.8402500391006469,2.46702670812607,0.46469642637322084,1.1954394412156049,100.0,0.0,8.78387975692749
items_hnsw_128_5M,100,10,3.7984667897224424,0.44690608978271484,12.72488808631897,2.61847722530365,7.410023689270027,8.987649369239808,12.41076383829117,2.5405501061969917,0.26326411559150975,100.0,0.0,39.03176522254944
