table_name,num_queries,num_clients,avg_latency,min_latency,max_latency,p50_latency,p90_latency,p95_latency,p99_latency,stddev_latency,throughput,success_rate,failure_rate,elapsed_time
items_no_index_512_1M,1000,1000,765.5996160902977,10.497473001480103,1415.847850561142,797.9252028465271,1300.3965955734252,1363.2030705571174,1405.8338111639023,406.0310411729133,0.0013061657542446524,100.0,0.0,1416.3397719860077
items_ivfflat_512_1M,1000,1000,24.40586683034897,0.14087915420532227,37.77921772003174,25.286131739616394,35.24834938049317,36.285667741298674,37.37914010047913,8.591410156205491,0.04097375466936863,100.0,0.0,37.9116153717041
items_hnsw_512_1M,1000,1000,76.58764918088913,0.7643871307373047,101.85257315635681,84.09157466888428,98.9375703573227,100.60801724195481,101.20189009904861,23.22363523400128,0.013056935559389507,100.0,0.0,101.90904521942139
items_no_index_512_5M,1000,1000,4113.460778675794,107.13383412361145,7348.4905643463135,4376.92680811882,6893.942739224433,7193.674861299991,7335.672816390991,2205.511491759099,0.00024310429922755214,100.0,0.0,7348.631049156189
items_ivfflat_512_5M,1000,1000,194.0120381500721,2.718977212905884,296.4072618484497,226.73562026023865,272.1890678405762,284.6568545460701,295.1081143069267,81.55811240030404,0.005154319337785012,100.0,0.0,296.4696714878082
items_hnsw_512_5M,1000,1000,140.5001701476574,0.9231822490692139,214.82877278327942,153.77772748470306,205.4896190404892,210.40950738191606,213.64148383140565,56.30795354964223,0.007117429103103996,100.0,0.0,214.9938132762909
