table_name,num_queries,num_clients,avg_latency,min_latency,max_latency,p50_latency,p90_latency,p95_latency,p99_latency,stddev_latency,throughput,success_rate,failure_rate,elapsed_time
items_no_index_128_1M,1000,5000,87.60969777345657,0.17421746253967285,162.6581108570099,91.03880786895752,150.7382574558258,157.34920523166656,161.78367783546446,48.27483565137753,0.011414261496322313,100.0,0.0,162.971209526062
