table_name,num_queries,num_clients,avg_latency,min_latency,max_latency,p50_latency,p90_latency,p95_latency,p99_latency,stddev_latency,throughput,success_rate,failure_rate,elapsed_time
items_no_index_128_1M,2000,1000,125.54255044424534,0.14624738693237305,321.67070984840393,101.33537828922272,248.67380001544956,278.45750494003295,312.9728864884376,77.27483526201138,0.007965426833064936,100.0,0.0,322.0101971626282
items_ivfflat_128_1M,2000,1000,5.4389641318321225,0.006089687347412109,13.820698738098145,6.81043815612793,7.0752558469772335,7.087969207763672,12.082084765434264,2.4224950771273677,0.18385853919267317,100.0,0.0,14.36841344833374
items_hnsw_128_1M,2000,1000,2.8395167598724367,0.002552032470703125,7.441035509109497,3.5591065883636475,3.6606539964675906,3.704121816158295,6.0036418867111205,1.199632219414694,0.3521725999761045,100.0,0.0,7.667603492736816
