table_name,num_queries,num_clients,avg_latency,min_latency,max_latency,p50_latency,p90_latency,p95_latency,p99_latency,stddev_latency,throughput,success_rate,failure_rate,elapsed_time
items_ivfflat_128_1M,1000,200,1.3196950178146363,0.0057485103607177734,4.61738133430481,1.3485466241836548,1.5210416555404664,2.0162404179573032,2.799378616809845,0.47947604197667515,0.7577508337160818,100.0,0.0,7.371569395065308
items_hnsw_128_1M,1000,200,0.7162803056240081,0.0028481483459472656,2.2083380222320557,0.7409420013427734,0.7673593997955322,1.1306351304054252,1.487249813079834,0.24643366363534827,1.396101487292494,100.0,0.0,3.9937562942504883
