table_name,num_queries,num_clients,avg_latency,min_latency,max_latency,p50_latency,p90_latency,p95_latency,p99_latency,stddev_latency,throughput,success_rate,failure_rate,elapsed_time
items_no_index_128_1M,1000,50,8.08764967560768,0.15374064445495605,38.96535015106201,5.293746709823608,14.590899801254274,18.77422419786453,27.205409150123586,5.253016637780263,0.12364531602005413,100.0,0.0,165.47116470336914
items_no_index_128_5M,1000,50,30.449068360328674,0.5696947574615479,151.36554265022278,18.889593839645386,58.68024117946631,70.06577887535093,97.16479074239726,20.469637370113038,0.03284172731218519,100.0,0.0,618.9983203411102
