table_name,num_queries,num_clients,avg_latency,min_latency,max_latency,p50_latency,p90_latency,p95_latency,p99_latency,stddev_latency,throughput,success_rate,failure_rate,elapsed_time
items_no_index_128_1M,20000,200,137.14320738370418,0.6724298000335693,1107.5359270572662,114.38670873641968,225.14084889888764,235.2245992898941,445.0517500162121,66.53179948585688,0.007291648044967799,100.0,0.0,13782.201357126236
items_ivfflat_128_1M,20000,200,5.590953941190243,0.29258227348327637,62.024985790252686,4.7384949922561646,7.727163457870484,9.487868535518645,22.140077776908864,3.356282922035857,0.17886035379985848,100.0,0.0,561.6893956661224
items_hnsw_128_1M,20000,200,136.71453144830465,0.6880924701690674,887.5702879428864,112.64524686336517,222.33470873832704,230.55313609838484,444.3184754705428,68.31118902582865,0.0073145114085997965,100.0,0.0,13739.679455757141
items_no_index_128_1M,20000,400,278.22702871991396,18.416562795639038,2023.2956092357635,253.80232560634613,260.80985550880433,505.3763956069946,758.383672955036,103.00451314431615,0.003594187108998248,100.0,0.0,14049.642278194427
items_ivfflat_128_1M,20000,400,10.483189610743523,0.26707887649536133,59.75245380401611,9.458540797233582,11.091151905059823,18.775088262557983,29.686640293598174,3.7741763620684567,0.09539081492670576,100.0,0.0,529.055228471756
items_hnsw_128_1M,20000,400,271.932294901228,0.6538393497467041,2141.68642950058,244.62078475952148,260.7853884220123,488.0523584246635,740.3813015437125,114.75384970157623,0.0036773859477162245,100.0,0.0,13733.030414581299
items_no_index_128_1M,50000,500,351.61001458057405,0.6793406009674072,3551.412606239319,311.79071271419525,571.6561936378479,633.2803476095199,967.7931864476213,153.78917139613026,0.0028440600623758474,100.0,0.0,35334.564272880554
items_ivfflat_128_1M,50000,500,11.38495354590416,0.029458045959472656,79.80984807014465,10.029829382896423,16.422365021705623,20.137129247188568,30.140201539993285,4.3461106674649015,0.08783522883672715,100.0,0.0,1143.9469051361084
items_hnsw_128_1M,50000,500,349.27176257238864,0.6649229526519775,1896.0764513015747,320.74340641498566,334.3380915403366,635.6787936210632,940.4064616322518,113.99682006379568,0.0028631000474673186,100.0,0.0,35102.513682603836
