table_name,num_queries,num_clients,avg_latency,min_latency,max_latency,p50_latency,p90_latency,p95_latency,p99_latency,stddev_latency,throughput,success_rate,failure_rate,elapsed_time
items_no_index_128_1M,1000,5000,87.05542761707306,0.5327262878417969,161.69742369651794,89.43017661571503,150.35428464412692,156.7607918024063,160.62458829402922,47.51229878132248,0.011486934558505147,100.0,0.0,161.96157598495483
items_ivfflat_128_1M,1000,5000,3.484211678504944,0.0053484439849853516,6.903071641921997,3.482591152191162,6.061216282844543,6.612787818908691,6.648747816085815,1.8929837509342282,0.2870089685334774,100.0,0.0,6.990131378173828
items_hnsw_128_1M,1000,5000,1.889663006067276,0.0039594173431396484,3.888458013534546,1.8945372104644775,3.2960476636886598,3.4841847181320187,3.7791072130203247,1.0322510410342882,0.5291948864899342,100.0,0.0,3.947244644165039
